{  
    "general":{  
        "translationKey":"DASHBOARD_TAB_GENERAL_KEY",
        "displayByDefault":true,
        "maxRecentlyViewedPatients":10,
        "sections":{  
            "patientInformation":{  
                "translationKey":"DASHBOARD_TITLE_PATIENT_INFORMATION_KEY",
                "type":"patientInformation",
                "displayOrder":0,
                "ageLimit":100,
                "patientAttributes":[  

                ],
                "addressFields":[  
                    "address1",
                    "address2",
                    "cityVillage",
                    "countyDistrict"
                ]
            },
            "diagnosis":{  
                "translationKey":"DASHBOARD_TITLE_DIAGNOSIS_KEY",
                "type":"diagnosis",
                "showCertainty":true,
                "showOrder":true,
                "showDetailsButton":true,
                "displayOrder":1
            },
            "treatments":{  
                "translationKey":"DASHBOARD_TITLE_TREATMENTS_KEY",
                "type":"treatment",
                "displayOrder":4,
                "dashboardConfig":{  
                    "showFlowSheet":true,
                    "showListView":true,
                    "showRoute":true,
                    "showDrugForm":true,
                    "numberOfVisits":5,
                    "showOtherActive":true,
                    "showDetailsButton":true
                },
                "expandedViewConfig":{  
                    "translationKey":"DASHBOARD_TITLE_TREATMENTS_KEY",
                    "showFlowSheet":true,
                    "showListView":true,
                    "showRoute":true,
                    "showDrugForm":true,
                    "numberOfVisits":10,
                    "showOtherActive":true,
                    "showDetailsButton":true
                }
            },
            "labResults":{  
                "translationKey":"DASHBOARD_TITLE_LAB_RESULTS_KEY",
                "type":"labOrders",
                "displayOrder":10,
                "dashboardConfig":{  
                    "title":null,
                    "numberOfVisits":1,
                    "showChart":false,
                    "showTable":true,
                    "showDetailsButton":false,
                    "initialAccessionCount":0,
                    "latestAccessionCount":1
                },
                "expandedViewConfig":{  
                    "numberOfVisits":10
                }
            },
            "nutritionalValues":{  
                "translationKey":"DASHBOARD_TITLE_NUTRITIONAL_VALUES_KEY",
                "type":"vitals",
                "isObservation":true,
                "displayOrder":11,
                "dashboardConfig":{  
                    "conceptNames":[  
                        "HEIGHT",
                        "Weight",
                        "BMI Data",
                        "BMI Status Data"
                    ],
                    "showDetailsButton":true,
                    "numberOfVisits":2
                },
                "expandedViewConfig":{  
                    "conceptNames":[  
                        "HEIGHT",
                        "Weight",
                        "BMI",
                        "BMI STATUS"
                    ],
                    "numberOfVisits":2,
                    "scope":"latest",
                    "showDetailsButton":true,
                    "pivotTable":{  

                    }
                }
            },
            "vitals":{  
                "translationKey":"DASHBOARD_TITLE_VITALS_KEY",
                "type":"vitals",
                "isObservation":true,
                "displayOrder":12,
                "dashboardConfig":{  
                    "showDetailsButton":true,
                    "conceptNames":[  
                        "Vitals"
                    ],
                    "numberOfVisits":2
                },
                "expandedViewConfig":{  
                    "conceptNames":[  
                        "Vitals"
                    ],
                    "numberOfVisits":2,
                    "showDetailsButton":true,
                    "pivotTable":{  
                        "numberOfVisits":"10",
                        "groupBy":"encounters",
                        "obsConcepts":[  
                            "Weight",
                            "Vitals"
                        ],
                        "drugConcepts":[  

                        ],
                        "labConcepts":[  

                        ]
                    }
                }
            },
            "secondVitals":{  
                "translationKey":"DASHBOARD_TITLE_SECOND_VITALS_KEY",
                "type":"second vitals",
                "isObservation":true,
                "displayOrder":13,
                "dashboardConfig":{  
                    "showDetailsButton":true,
                    "conceptNames":[  
                        "Second Vitals"
                    ],
                    "numberOfVisits":2
                },
                "expandedViewConfig":{  
                    "conceptNames":[  
                        "Second Vitals"
                    ],
                    "numberOfVisits":2,
                    "showDetailsButton":true,
                    "pivotTable":{  

                    }
                }
            },
            "historyAndExaminations":{  
                "translationKey":"DASHBOARD_TITLE_HISTORY_AND_EXAMINATIONS_KEY",
                "type":"vitals",
                "isObservation":true,
                "displayOrder":14,
                "dashboardConfig":{  
                    "showDetailsButton":true,
                    "conceptNames":[  
                        "History and Examination"
                    ],
                    "numberOfVisits":2
                },
                "expandedViewConfig":{  
                    "conceptNames":[  
                        "History and Examination"
                    ],
                    "numberOfVisits":2,
                    "showDetailsButton":true,
                    "pivotTable":{  

                    }
                }
            },
            "gynaecology":{  
                "translationKey":"DASHBOARD_TITLE_GYNAECOLOGY_KEY",
                "type":"gynaecology",
                "isObservation":true,
                "displayOrder":15,
                "dashboardConfig":{  
                    "conceptNames":[  
                        "Gynaecology"
                    ],
                    "showDetailsButton":true,
                    "numberOfVisits":2
                },
                "expandedViewConfig":{  
                    "conceptNames":[  
                        "Gynaecology"
                    ],
                    "numberOfVisits":2,
                    "showDetailsButton":true,
                    "pivotTable":{  

                    }
                }
            },
            "obstetrics":{  
                "translationKey":"DASHBOARD_TITLE_OBSTETRICS_KEY",
                "type":"obstetrics",
                "isObservation":true,
                "displayOrder":16,
                "dashboardConfig":{  
                    "showDetailsButton":true,
                    "conceptNames":[  
                        "Obstetrics"
                    ],
                    "numberOfVisits":2
                },
                "expandedViewConfig":{  
                    "conceptNames":[  
                        "Obstetrics"
                    ],
                    "numberOfVisits":2,
                    "showDetailsButton":true,
                    "pivotTable":{  

                    }
                }
            },
            "visits":{  
                "translationKey":"DASHBOARD_TITLE_VISITS_KEY",
                "type":"visits",
                "displayOrder":3,
                "dashboardConfig":{  
                    "title":null,
                    "maximumNoOfVisits":8,
                    "groupByVisits":true
                }
            },
            "diabetes":{  
                "title":"Diabetes",
                "templateName":"Diabetes Templates",
                "type":"diseaseTemplate",
                "displayOrder":18,
                "dashboardConfig":{  
                    "showOnly":[  

                    ]
                },
                "expandedViewConfig":{  
                    "showDetailsButton":true,
                    "pivotTable":{  
                        "numberOfVisits":"15",
                        "groupBy":"encounters",
                        "obsConcepts":[  
                            "Weight",
                            "Height",
                            "Systolic",
                            "Diastolic",
                            "Diabetes, Foot Exam",
                            "Diabetes, Eye Exam"
                        ],
                        "drugConcepts":[  
                            "Ipratropium Pressurised",
                            "Garbhpal Rasa"
                        ],
                        "labConcepts":[  
                            "RBS",
                            "FBS",
                            "PP2BS",
                            "Hb1AC",
                            "Creatinine",
                            "Albumin",
                            "Polymorph"
                        ]
                    }
                }
            }
        }
    },
    "trends":{  
        "translationKey":"DASHBOARD_TAB_TRENDS_KEY",
        "maxRecentlyViewedPatients":10,
        "sections":{  
            "patientInformation":{  
                "translationKey":"DASHBOARD_TITLE_PATIENT_INFORMATION_KEY",
                "type":"patientInformation",
                "patientAttributes":[  
                    "caste",
                    "class",
                    "education",
                    "occupation",
                    "debt",
                    "distanceFromCenter",
                    "isUrban",
                    "cluster",
                    "RationCard",
                    "familyIncome"
                ],
                "addressFields":[  
                    "address1",
                    "address2",
                    "cityVillage",
                    "countyDistrict"
                ],
                "displayOrder":0
            },
            "growthChart":{  
                "type":"observationGraph",
                "title":"Growth Chart",
                "config":{  
                    "yAxisConcepts":[  
                        "Weight"
                    ],
                    "referenceData":"growthChartReference.csv",
                    "numberOfVisits":20
                },
                "displayOrder":1
            },
            "BP":{  
                "type":"observationGraph",
                "title":"BP",
                "config":{  
                    "yAxisConcepts":[  
                        "Systolic Data",
                        "Diastolic Data"
                    ],
                    "xAxisConcept":"observationDateTime",
                    "numberOfVisits":10
                },
                "displayOrder":2
            },
            "weight/BMI":{  
                "type":"observationGraph",
                "title":"Weight/BMI",
                "config":{  
                    "yAxisConcepts":[  
                        "Weight",
                        "BMI"
                    ],
                    "xAxisConcept":"observationDateTime",
                    "numberOfVisits":10
                },
                "displayOrder":3
            },
            "diabetes/BloodSugar":{  
                "type":"observationGraph",
                "title":"Diabetes/Blood Sugar",
                "config":{  
                    "yAxisConcepts":[  
                        "Blood Sugar Fasting",
                        "Blood Sugar P.P"
                    ],
                    "xAxisConcept":"observationDateTime",
                    "numberOfVisits":10
                },
                "displayOrder":4
            },
            "observationGraph":{  
                "type":"observationGraph",
                "title":"Pulse",
                "config":{  
                    "yAxisConcepts":[  
                        "Pulse Data"
                    ],
                    "xAxisConcept":"observationDateTime",
                    "numberOfVisits":10
                },
                "displayOrder":5
            },
            "diabetes":{  
                "title":"Diabetes",
                "templateName":"Diabetes, Progress",
                "type":"diseaseTemplate",
                "dashboardConfig":{  
                    "showOnly":[  

                    ]
                },
                "expandedViewConfig":{  
                    "showDetailsButton":true,
                    "pivotTable":{  
                        "numberOfVisits":"10",
                        "groupBy":"visits",
                        "obsConcepts":[  
                            "Diabetes, Blood Pressure",
                            "Diabetes, A1C",
                            "Diabetes, LDL",
                            "Diabetes, Ulcers on Feet",
                            "Blood Sugar Fasting",
                            "Blood Sugar PP"
                        ],
                        "labConcepts":[  
                            "RBS",
                            "FBS",
                            "PP2BS",
                            "Hb1AC",
                            "Creatinine",
                            "Cholesterol"
                        ]
                    }
                },
                "displayOrder":6
            }
        }
    },
    "patientSummary":{  
        "translationKey":"DASHBOARD_TAB_PATIENT_SUMMARY_KEY",
        "maxRecentlyViewedPatients":10,
        "sections":{  
            "Bacteriology Concept Set":{  
                "displayType":"Full-Page",
                "translationKey":"DASHBOARD_TITLE_BACTERIOLOGY_RESULTS_KEY",
                "type":"obsToObsFlowSheet",
                "dashboardConfig":{  
                    "numberOfVisits":1,
                    "templateName":"BACTERIOLOGY CONCEPT SET",
                    "groupByConcept":"Specimen Collection Date",
                    "conceptNames":[  
                        "Specimen Id"
                    ]
                },
                "expandedViewConfig":{  
                    "templateName":"BACTERIOLOGY CONCEPT SET",
                    "groupByConcept":"Specimen Collection Date"
                }
            },
            "HistoryAndExamination":{  
                "type":"historyAndExamination",
                "isObservation":true,
                "displayType":"Full-Page",
                "dashboardConfig":{  
                    "showGroupDateTime":false,
                    "conceptNames":[  
                        "Chief Complaint Data",
                        "Examination Notes",
                        "Smoking History",
                        "Clief COmplaint Notes",
                        "Blood Pressure"
                    ]
                },
                "displayOrder":6,
                "translationKey":"DASHBOARD_TITLE_HISTORY_AND_EXAMINATIONS_KEY"
            },
            "drugOther":{  
                "translationKey":"DASHBOARD_TITLE_TREATMENTS_KEY",
                "type":"drugOrderDetails",
                "displayType":"Full-Page",
                "showDetailsButton":true,
                "displayOrder":24,
                "dashboardConfig":{  
                    "showOnlyActive":true,
                    "drugConceptSet":"All Other Drugs"
                }
            },
            "malaria":{  
                "title":"Malaria",
                "type":"obsToObsFlowSheet",
                "displayType":"Full-Page",
                "displayOrder":26,
                "dashboardConfig":{  
                    "groupByConcept":"Malaria, Treatment Start Date",
                    "templateName":"Malaria",
                    "conceptNames":[  
                        "Malaria, Parents Name",
                        "Malaria, drug regimen",
                        "Malaria, Malaria Type",
                        "Malaria, Source"
                    ]
                }
            },
            "Chronic Treatment Chart":{  
                "displayType":"Full-Page",
                "title":"Chronic Treatment Chart",
                "type":"chronicTreatmentChart",
                "dashboardConfig":{  
                    "drugs":[  

                    ]
                },
                "expandedViewConfig":{  
                    "drugs":[  

                    ]
                }
            }
        }
    }
}

