uuid,name,description,class,datatype,shortname,answer.1,answer.2,answer.3,answer.4,answer.5,answer.6,answer.7,answer.8,answer.9,answer.10,answer.11,answer.12,answer.13,answer.14,answer.15,answer.16
,Death,,Misc,N/A,Death,,,,,,,,,,,,,,,,
,Good Condition,,Misc,N/A,Good Condition,,,,,,,,,,,,,,,,
,Not in Good Condition,,Misc,N/A,Not in Good Condition,,,,,,,,,,,,,,,,
,Numbness of Fingers,,Misc,N/A,Numbness of Fingers,,,,,,,,,,,,,,,,
,Treatment Not Continued,,Misc,N/A,Treatment Not Continued,,,,,,,,,,,,,,,,
,Other,,Misc,N/A,Other,,,,,,,,,,,,,,,,
